{"cameraMode":{"drawMode":0,"name":"Shaded","section":"Shading Mode"},"sceneLighting":false,"audioPlay":false,"sceneViewState":{"showFog":true,"showMaterialUpdate":false,"showSkybox":false,"showFlares":true,"showImageEffects":true,"showParticleSystems":true},"in2DMode":false,"pivot":{"x":-0.12343865633010864,"y":4.558762550354004,"z":-1.8588507175445557},"rotation":{"x":-0.013835981488227845,"y":-0.9498239755630493,"z":0.30982092022895815,"w":-0.0421694815158844},"size":2.668480634689331,"orthographic":false}