{"cameraMode":{"drawMode":0,"name":"Shaded","section":"Shading Mode"},"sceneLighting":false,"audioPlay":false,"sceneViewState":{"showFog":true,"showMaterialUpdate":false,"showSkybox":false,"showFlares":true,"showImageEffects":true,"showParticleSystems":true},"in2DMode":false,"pivot":{"x":1.0359351634979249,"y":4.464987277984619,"z":-1.8588507175445557},"rotation":{"x":-0.09863542765378952,"y":-0.8960937857627869,"z":0.24971716105937959,"w":-0.3536279499530792},"size":0.7039412260055542,"orthographic":false}