{"cameraMode":{"drawMode":0,"name":"Shaded","section":"Shading Mode"},"sceneLighting":true,"audioPlay":false,"sceneViewState":{"showFog":true,"showMaterialUpdate":false,"showSkybox":true,"showFlares":true,"showImageEffects":true,"showParticleSystems":true},"in2DMode":false,"pivot":{"x":0.21535056829452516,"y":-7.702443599700928,"z":-9.796403884887696},"rotation":{"x":-0.7381183505058289,"y":0.07553619146347046,"z":-0.083860382437706,"w":-0.665209174156189},"size":10.473974227905274,"orthographic":false}