{"cameraMode":{"drawMode":0,"name":"Shaded","section":"Shading Mode"},"sceneLighting":false,"audioPlay":false,"sceneViewState":{"showFog":true,"showMaterialUpdate":false,"showSkybox":false,"showFlares":true,"showImageEffects":true,"showParticleSystems":true},"in2DMode":false,"pivot":{"x":-1.0213623046875,"y":6.90256404876709,"z":-10.642616271972657},"rotation":{"x":-0.03202512860298157,"y":-0.9643058180809021,"z":0.22406481206417085,"w":-0.13775253295898438},"size":7.505136489868164,"orthographic":false}