{"cameraMode":{"drawMode":0,"name":"Shaded","section":"Shading Mode"},"sceneLighting":true,"audioPlay":false,"sceneViewState":{"showFog":true,"showMaterialUpdate":false,"showSkybox":true,"showFlares":true,"showImageEffects":true,"showParticleSystems":true},"in2DMode":false,"pivot":{"x":0.992320716381073,"y":2.5999999046325685,"z":-12.80427360534668},"rotation":{"x":-0.0927676260471344,"y":-0.9035829305648804,"z":0.2488759160041809,"w":-0.3363589644432068},"size":0.34294676780700686,"orthographic":false}