{"cameraMode":{"drawMode":0,"name":"Shaded","section":"Shading Mode"},"sceneLighting":false,"audioPlay":false,"sceneViewState":{"showFog":true,"showMaterialUpdate":false,"showSkybox":false,"showFlares":true,"showImageEffects":true,"showParticleSystems":true},"in2DMode":false,"pivot":{"x":-0.13390040397644044,"y":4.428592205047607,"z":-0.7188205718994141},"rotation":{"x":-0.07183218747377396,"y":-0.92499178647995,"z":0.3016965687274933,"w":-0.21985502541065217},"size":2.3171701431274416,"orthographic":false}