{"cameraMode":{"drawMode":0,"name":"Shaded","section":"Shading Mode"},"sceneLighting":false,"audioPlay":false,"sceneViewState":{"showFog":true,"showMaterialUpdate":false,"showSkybox":false,"showFlares":true,"showImageEffects":true,"showParticleSystems":true},"in2DMode":false,"pivot":{"x":-3.494474411010742,"y":5.153297424316406,"z":-2.178189277648926},"rotation":{"x":-0.07183218747377396,"y":-0.92499178647995,"z":0.3016965687274933,"w":-0.21985502541065217},"size":1.1305629014968873,"orthographic":false}