{"cameraMode":{"drawMode":0,"name":"Shaded","section":"Shading Mode"},"sceneLighting":false,"audioPlay":false,"sceneViewState":{"showFog":true,"showMaterialUpdate":false,"showSkybox":false,"showFlares":true,"showImageEffects":true,"showParticleSystems":true},"in2DMode":false,"pivot":{"x":-3.1400177478790285,"y":5.169186592102051,"z":-2.5228121280670168},"rotation":{"x":-0.07183218747377396,"y":-0.92499178647995,"z":0.3016965687274933,"w":-0.21985502541065217},"size":1.1546070575714112,"orthographic":false}